,crimeID,neighborID,rating,Freq
1,5,1,none,0
2,18,1,none,0
3,17,1,none,0
4,38,1,none,0
5,47,1,none,0
6,5,2,none,0
7,17,2,none,0
8,18,2,none,0
9,25,2,none,0
10,31,2,none,0
11,38,2,none,0
12,44,2,none,0
13,47,2,none,0
14,15,2,none,0
15,16,2,none,0
16,17,2,none,0
17,18,2,none,0
18,17,2,none,0
19,38,2,none,0
20,5,6,none,0
21,15,6,none,0
22,16,6,none,0
23,17,6,none,0
24,18,6,none,0
25,17,6,none,0
26,25,6,none,0
27,32,6,none,0
28,38,6,none,0
29,43,6,none,0
30,47,6,none,0
31,5,5,none,0
32,16,5,none,0
33,18,5,none,0
34,17,5,none,0
35,32,5,none,0
36,38,5,none,0
37,44,5,none,0
38,47,5,none,0
39,15,8,none,0
40,18,8,none,0
41,1,8,none,0
42,5,8,none,0
43,6,8,none,0
44,9,8,none,0
45,15,8,none,0
46,16,8,none,0
47,17,8,none,0
48,18,8,none,0
49,17,8,none,0
50,25,8,none,0
51,32,8,none,0
52,37,8,none,0
53,38,8,none,0
54,42,8,none,0
55,43,8,none,0
56,47,8,none,0
57,9,8,none,0
58,15,8,none,0
59,16,8,none,0
60,17,8,none,0
61,18,8,none,0
62,17,8,none,0
63,20,8,none,0
64,31,8,none,0
65,38,8,none,0
66,47,8,none,0
67,15,8,none,0
68,16,8,none,0
69,17,8,none,0
70,18,8,none,0
71,17,8,none,0
72,25,8,none,0
73,31,8,none,0
74,38,8,none,0
75,47,8,none,0
76,9,9,none,0
77,15,9,none,0
78,16,9,none,0
79,17,9,none,0
80,18,9,none,0
81,17,9,none,0
82,25,9,none,0
83,31,9,none,0
84,32,9,none,0
85,38,9,none,0
86,9,12,none,0
87,15,12,none,0
88,16,12,none,0
89,17,12,none,0
90,18,12,none,0
91,17,12,none,0
92,25,12,none,0
93,31,12,none,0
94,32,12,none,0
95,37,12,none,0
96,47,12,none,0
97,9,14,none,0
98,11,14,none,0
99,15,14,none,0
100,16,14,none,0
101,17,14,none,0
102,18,14,none,0
103,17,14,none,0
104,20,14,none,0
105,25,14,none,0
106,31,14,none,0
107,37,14,none,0
108,43,14,none,0
109,47,14,none,0
110,1,2,none,0
111,9,2,none,0
112,11,2,none,0
113,12,2,none,0
114,15,2,none,0
115,18,2,none,0
116,17,2,none,0
117,32,2,none,0
118,37,2,none,0
119,38,2,none,0
120,43,2,none,0
121,47,2,none,0
122,5,16,none,0
123,9,16,none,0
124,15,16,none,0
125,18,16,none,0
126,17,16,none,0
127,32,16,none,0
128,38,16,none,0
129,47,16,none,0
130,1,1,none,0
131,5,1,none,0
132,7,1,none,0
133,9,1,none,0
134,10,1,none,0
135,11,1,none,0
136,12,1,none,0
137,13,1,none,0
138,15,1,none,0
139,16,1,none,0
140,17,1,none,0
141,18,1,none,0
142,17,1,none,0
143,20,1,none,0
144,21,1,none,0
145,23,1,none,0
146,24,1,none,0
147,25,1,none,0
148,28,1,none,0
149,30,1,none,0
150,31,1,none,0
151,32,1,none,0
152,34,1,none,0
153,35,1,none,0
154,37,1,none,0
155,38,1,none,0
156,39,1,none,0
157,40,1,none,0
158,43,1,none,0
159,44,1,none,0
160,46,1,none,0
161,47,1,none,0
162,47,1,none,0
163,9,1,none,0
164,15,1,none,0
165,16,1,none,0
166,17,1,none,0
167,18,1,none,0
168,17,1,none,0
169,20,1,none,0
170,25,1,none,0
171,31,1,none,0
172,32,1,none,0
173,38,1,none,0
174,44,1,none,0
175,47,1,none,0
176,9,13,none,0
177,15,13,none,0
178,16,13,none,0
179,18,13,none,0
180,17,13,none,0
181,25,13,none,0
182,31,13,none,0
183,32,13,none,0
184,38,13,none,0
185,47,13,none,0
186,4,13,none,0
187,5,13,none,0
188,6,13,none,0
189,8,13,none,0
190,9,13,none,0
191,10,13,none,0
192,12,13,none,0
193,15,13,none,0
194,16,13,none,0
195,17,13,none,0
196,18,13,none,0
197,17,13,none,0
198,20,13,none,0
199,25,13,none,0
200,28,13,none,0
201,31,13,none,0
202,32,13,none,0
203,37,13,none,0
204,38,13,none,0
205,42,13,none,0
206,43,13,none,0
207,44,13,none,0
208,47,13,none,0
209,18,20,none,0
210,47,20,none,0
211,5,4,none,0
212,15,4,none,0
213,17,4,none,0
214,18,4,none,0
215,20,4,none,0
216,25,4,none,0
217,15,20,none,0
218,16,20,none,0
219,18,20,none,0
220,17,20,none,0
221,20,20,none,0
222,25,20,none,0
223,32,20,none,0
224,38,20,none,0
225,5,20,none,0
226,9,20,none,0
227,12,20,none,0
228,15,20,none,0
229,16,20,none,0
230,18,20,none,0
231,17,20,none,0
232,20,20,none,0
233,25,20,none,0
234,31,20,none,0
235,32,20,none,0
236,38,20,none,0
237,43,20,none,0
238,47,20,none,0
239,17,20,none,0
240,18,20,none,0
241,17,20,none,0
242,32,20,none,0
243,38,20,none,0
244,47,20,none,0
245,1,20,none,0
246,5,20,none,0
247,6,20,none,0
248,8,20,none,0
249,10,20,none,0
250,12,20,none,0
251,13,20,none,0
252,15,20,none,0
253,16,20,none,0
254,17,20,none,0
255,18,20,none,0
256,17,20,none,0
257,20,20,none,0
258,25,20,none,0
259,28,20,none,0
260,30,20,none,0
261,31,20,none,0
262,32,20,none,0
263,35,20,none,0
264,37,20,none,0
265,38,20,none,0
266,39,20,none,0
267,40,20,none,0
268,42,20,none,0
269,43,20,none,0
270,44,20,none,0
271,47,20,none,0
272,5,20,none,0
273,9,20,none,0
274,15,20,none,0
275,16,20,none,0
276,17,20,none,0
277,18,20,none,0
278,17,20,none,0
279,20,20,none,0
280,31,20,none,0
281,47,20,none,0
282,5,20,none,0
283,16,20,none,0
284,17,20,none,0
285,18,20,none,0
286,17,20,none,0
287,20,20,none,0
288,38,20,none,0
289,47,20,none,0
290,9,20,none,0
291,15,20,none,0
292,17,20,none,0
293,18,20,none,0
294,17,20,none,0
295,20,20,none,0
296,31,20,none,0
297,32,20,none,0
298,47,20,none,0
299,5,20,none,0
300,9,20,none,0
301,15,20,none,0
302,16,20,none,0
303,18,20,none,0
304,17,20,none,0
305,31,20,none,0
306,47,20,none,0
307,5,20,none,0
308,15,20,none,0
309,16,20,none,0
310,18,20,none,0
311,17,20,none,0
312,20,20,none,0
313,31,20,none,0
314,37,20,none,0
315,38,20,none,0
316,43,20,none,0
317,44,20,none,0
318,47,20,none,0
319,5,26,none,0
320,17,26,none,0
321,18,26,none,0
322,17,26,none,0
323,20,26,none,0
324,25,26,none,0
325,32,26,none,0
326,47,26,none,0
327,5,20,none,0
328,9,20,none,0
329,10,20,none,0
330,11,20,none,0
331,12,20,none,0
332,15,20,none,0
333,16,20,none,0
334,17,20,none,0
335,18,20,none,0
336,17,20,none,0
337,20,20,none,0
338,25,20,none,0
339,31,20,none,0
340,32,20,none,0
341,37,20,none,0
342,40,20,none,0
343,44,20,none,0
344,46,20,none,0
345,47,20,none,0
346,5,20,none,0
347,9,20,none,0
348,15,20,none,0
349,16,20,none,0
350,17,20,none,0
351,18,20,none,0
352,17,20,none,0
353,20,20,none,0
354,25,20,none,0
355,31,20,none,0
356,32,20,none,0
357,47,20,none,0
358,47,20,none,0
359,9,32,none,0
360,15,32,none,0
361,16,32,none,0
362,17,32,none,0
363,18,32,none,0
364,17,32,none,0
365,25,32,none,0
366,31,32,none,0
367,37,32,none,0
368,38,32,none,0
369,47,32,none,0
370,1,26,none,0
371,4,26,none,0
372,5,26,none,0
373,6,26,none,0
374,9,26,none,0
375,10,26,none,0
376,12,26,none,0
377,15,26,none,0
378,16,26,none,0
379,17,26,none,0
380,18,26,none,0
381,17,26,none,0
382,20,26,none,0
383,25,26,none,0
384,31,26,none,0
385,32,26,none,0
386,35,26,none,0
387,37,26,none,0
388,40,26,none,0
389,42,26,none,0
390,44,26,none,0
391,47,26,none,0
392,47,26,none,0
393,5,34,none,0
394,15,34,none,0
395,18,34,none,0
396,17,34,none,0
397,38,34,none,0
398,47,34,none,0
399,18,36,none,0
400,20,36,none,0
401,5,8,none,0
402,9,8,none,0
403,15,8,none,0
404,16,8,none,0
405,17,8,none,0
406,18,8,none,0
407,17,8,none,0
408,25,8,none,0
409,31,8,none,0
410,38,8,none,0
411,40,8,none,0
412,42,8,none,0
413,44,8,none,0
414,47,8,none,0
415,1,8,none,0
416,5,8,none,0
417,6,8,none,0
418,9,8,none,0
419,10,8,none,0
420,11,8,none,0
421,15,8,none,0
422,16,8,none,0
423,17,8,none,0
424,18,8,none,0
425,17,8,none,0
426,20,8,none,0
427,25,8,none,0
428,31,8,none,0
429,32,8,none,0
430,38,8,none,0
431,43,8,none,0
432,44,8,none,0
433,47,8,none,0
434,5,40,none,0
435,15,40,none,0
436,16,40,none,0
437,17,40,none,0
438,18,40,none,0
439,17,40,none,0
440,20,40,none,0
441,25,40,none,0
442,31,40,none,0
443,32,40,none,0
444,38,40,none,0
445,44,40,none,0
446,47,40,none,0
447,5,36,none,0
448,15,36,none,0
449,17,36,none,0
450,18,36,none,0
451,17,36,none,0
452,31,36,none,0
453,9,36,none,0
454,15,36,none,0
455,16,36,none,0
456,17,36,none,0
457,18,36,none,0
458,17,36,none,0
459,31,36,none,0
460,38,36,none,0
461,47,36,none,0
462,31,1,low,1
463,44,1,low,1
464,15,2,low,1
465,16,2,low,1
466,17,2,low,1
467,20,2,low,1
468,32,2,low,1
469,37,2,low,1
470,9,2,low,1
471,31,2,low,1
472,32,2,low,1
473,43,2,low,1
474,44,2,low,1
475,47,2,low,1
476,9,6,low,1
477,12,6,low,1
478,20,6,low,1
479,9,5,low,1
480,10,5,low,1
481,15,5,low,1
482,17,5,low,1
483,9,8,low,1
484,16,8,low,1
485,17,8,low,1
486,20,8,low,1
487,47,8,low,1
488,10,8,low,1
489,12,8,low,1
490,20,8,low,1
491,31,8,low,1
492,35,8,low,1
493,44,8,low,1
494,25,8,low,1
495,35,8,low,1
496,37,8,low,1
497,9,8,low,1
498,11,8,low,1
499,43,8,low,1
500,47,9,low,1
501,20,12,low,1
502,5,14,low,1
503,32,14,low,1
504,38,14,low,1
505,6,2,low,1
506,16,2,low,1
507,17,2,low,1
508,20,2,low,1
509,25,2,low,1
510,44,2,low,1
511,16,16,low,1
512,17,16,low,1
513,20,16,low,1
514,25,16,low,1
515,37,16,low,1
516,43,16,low,1
517,4,1,low,1
518,6,1,low,1
519,27,1,low,1
520,36,1,low,1
521,41,1,low,1
522,42,1,low,1
523,37,1,low,1
524,17,13,low,1
525,20,13,low,1
526,13,13,low,1
527,35,13,low,1
528,36,13,low,1
529,16,4,low,1
530,17,4,low,1
531,43,4,low,1
532,44,4,low,1
533,47,4,low,1
534,11,20,low,1
535,17,20,low,1
536,47,20,low,1
537,11,20,low,1
538,17,20,low,1
539,44,20,low,1
540,9,20,low,1
541,25,20,low,1
542,44,20,low,1
543,3,20,low,1
544,4,20,low,1
545,9,20,low,1
546,11,20,low,1
547,14,20,low,1
548,21,20,low,1
549,22,20,low,1
550,23,20,low,1
551,27,20,low,1
552,33,20,low,1
553,36,20,low,1
554,10,20,low,1
555,38,20,low,1
556,43,20,low,1
557,44,20,low,1
558,9,20,low,1
559,25,20,low,1
560,37,20,low,1
561,16,20,low,1
562,25,20,low,1
563,38,20,low,1
564,12,20,low,1
565,17,20,low,1
566,25,20,low,1
567,38,20,low,1
568,9,20,low,1
569,17,20,low,1
570,25,20,low,1
571,15,26,low,1
572,31,26,low,1
573,37,26,low,1
574,1,20,low,1
575,30,20,low,1
576,38,20,low,1
577,42,20,low,1
578,38,20,low,1
579,44,20,low,1
580,32,32,low,1
581,43,32,low,1
582,44,32,low,1
583,11,26,low,1
584,21,26,low,1
585,23,26,low,1
586,30,26,low,1
587,36,26,low,1
588,38,26,low,1
589,43,26,low,1
590,18,34,low,1
591,9,34,low,1
592,16,34,low,1
593,32,34,low,1
594,15,36,low,1
595,17,36,low,1
596,17,36,low,1
597,38,36,low,1
598,1,8,low,1
599,10,8,low,1
600,12,8,low,1
601,20,8,low,1
602,32,8,low,1
603,35,8,low,1
604,43,8,low,1
605,12,8,low,1
606,37,8,low,1
607,46,8,low,1
608,10,40,low,1
609,37,40,low,1
610,9,36,low,1
611,32,36,low,1
612,38,36,low,1
613,47,36,low,1
614,25,36,low,1
615,15,1,low,1
616,20,1,low,1
617,31,6,low,1
618,20,5,low,1
619,31,5,low,1
620,37,5,low,1
621,5,8,low,1
622,25,8,low,1
623,11,8,low,1
624,36,8,low,1
625,10,8,low,1
626,44,8,low,1
627,10,8,low,1
628,32,8,low,1
629,43,9,low,1
630,38,12,low,1
631,1,14,low,1
632,6,14,low,1
633,35,14,low,1
634,5,2,low,1
635,35,2,low,1
636,1,16,low,1
637,2,1,low,1
638,8,1,low,1
639,25,1,low,1
640,11,1,low,1
641,12,13,low,1
642,43,13,low,1
643,1,13,low,1
644,11,13,low,1
645,21,13,low,1
646,27,13,low,1
647,40,13,low,1
648,46,13,low,1
649,9,4,low,1
650,31,4,low,1
651,37,4,low,1
652,5,20,low,1
653,31,20,low,1
654,43,20,low,1
655,16,20,low,1
656,31,20,low,1
657,37,20,low,1
658,43,20,low,1
659,7,20,low,1
660,25,20,low,1
661,45,20,low,1
662,46,20,low,1
663,47,20,low,1
664,25,20,low,1
665,32,20,low,1
666,35,20,low,1
667,37,20,low,1
668,31,20,low,1
669,42,20,low,1
670,44,20,low,1
671,10,20,low,1
672,20,20,low,1
673,44,20,low,1
674,10,20,low,1
675,32,20,low,1
676,16,26,low,1
677,38,26,low,1
678,42,26,low,1
679,47,20,low,1
680,35,20,low,1
681,46,20,low,1
682,20,32,low,1
683,7,26,low,1
684,13,26,low,1
685,28,26,low,1
686,46,26,low,1
687,15,34,low,1
688,17,34,low,1
689,47,34,low,1
690,20,34,low,1
691,43,34,low,1
692,6,8,low,1
693,8,8,low,1
694,37,8,low,1
695,43,40,low,1
696,6,36,low,1
697,16,36,low,1
698,25,36,low,1
699,44,36,low,1
700,20,36,low,1
701,32,36,low,1
702,17,1,low,1
703,6,2,low,1
704,10,2,low,1
705,25,2,low,1
706,37,6,low,1
707,35,5,low,1
708,4,8,low,1
709,13,8,low,1
710,40,8,low,1
711,32,8,low,1
712,46,8,low,1
713,6,8,low,1
714,20,8,low,1
715,37,8,low,1
716,12,9,low,1
717,20,9,low,1
718,44,9,low,1
719,44,12,low,1
720,44,14,low,1
721,4,2,low,1
722,40,2,low,1
723,42,2,low,1
724,12,16,low,1
725,40,16,low,1
726,44,16,low,1
727,3,1,low,1
728,45,1,low,1
729,5,1,low,1
730,11,13,low,1
731,44,13,low,1
732,23,13,low,1
733,15,20,low,1
734,9,20,low,1
735,10,20,low,1
736,13,20,low,1
737,40,20,low,1
738,6,20,low,1
739,20,20,low,1
740,26,20,low,1
741,41,20,low,1
742,11,20,low,1
743,32,20,low,1
744,1,20,low,1
745,11,20,low,1
746,32,20,low,1
747,37,20,low,1
748,43,20,low,1
749,9,26,low,1
750,43,26,low,1
751,44,26,low,1
752,4,20,low,1
753,8,20,low,1
754,13,20,low,1
755,43,20,low,1
756,1,20,low,1
757,12,20,low,1
758,37,20,low,1
759,40,20,low,1
760,42,20,low,1
761,5,32,low,1
762,10,32,low,1
763,11,32,low,1
764,34,26,low,1
765,20,34,low,1
766,44,36,low,1
767,4,8,low,1
768,11,8,low,1
769,30,8,low,1
770,36,8,low,1
771,35,8,low,1
772,40,8,low,1
773,42,8,low,1
774,9,40,low,1
775,10,36,low,1
776,43,36,low,1
777,16,1,low,1
778,25,1,low,1
779,32,1,low,1
780,4,2,low,1
781,9,2,low,1
782,43,2,low,1
783,20,2,low,1
784,11,6,low,1
785,35,6,low,1
786,42,6,low,1
787,25,5,low,1
788,47,8,low,1
789,11,8,low,1
790,42,8,low,1
791,10,9,low,1
792,5,12,low,1
793,10,2,low,1
794,11,16,low,1
795,43,1,low,1
796,46,1,low,1
797,10,13,low,1
798,25,20,low,1
799,43,20,low,1
800,12,4,low,1
801,37,20,low,1
802,44,20,low,1
803,1,20,low,1
804,46,20,low,1
805,1,20,low,1
806,15,20,low,1
807,34,20,low,1
808,10,20,low,1
809,6,20,low,1
810,40,20,low,1
811,42,20,low,1
812,40,26,low,1
813,6,20,low,1
814,23,20,low,1
815,35,20,low,1
816,36,20,low,1
817,41,20,low,1
818,10,20,low,1
819,43,20,low,1
820,8,26,low,1
821,41,26,low,1
822,45,26,low,1
823,16,34,low,1
824,25,34,low,1
825,25,34,low,1
826,25,36,low,1
827,47,36,low,1
828,4,8,low,1
829,13,8,low,1
830,21,8,low,1
831,6,40,low,1
832,11,36,low,1
833,5,36,low,1
834,37,36,low,1
835,11,2,low,1
836,10,2,low,1
837,12,2,low,1
838,6,5,low,1
839,44,8,low,1
840,42,8,low,1
841,6,9,low,1
842,37,9,low,1
843,12,12,low,1
844,35,12,low,1
845,10,14,low,1
846,12,14,low,1
847,42,14,low,1
848,6,16,low,1
849,35,16,low,1
850,14,1,low,1
851,33,1,low,1
852,1,1,low,1
853,6,1,low,1
854,10,1,low,1
855,12,1,low,1
856,35,1,low,1
857,5,13,low,1
858,6,13,low,1
859,7,13,low,1
860,14,13,low,1
861,47,13,low,1
862,17,20,low,1
863,38,20,low,1
864,32,4,low,1
865,6,20,low,1
866,12,20,low,1
867,8,20,low,1
868,37,20,low,1
869,42,20,low,1
870,11,20,low,1
871,40,20,low,1
872,19,20,low,1
873,29,20,low,1
874,12,20,low,1
875,42,20,low,1
876,15,20,low,1
877,5,20,low,1
878,42,20,low,1
879,47,20,low,1
880,1,20,low,1
881,6,20,low,1
882,12,20,low,1
883,27,20,low,1
884,6,20,low,1
885,11,20,low,1
886,12,32,low,1
887,41,8,low,1
888,46,8,low,1
889,47,8,low,1
890,42,40,low,1
891,12,36,low,1
892,20,36,low,1
893,37,36,low,1
894,43,36,low,1
895,44,36,low,1
896,6,2,low,1
897,37,2,low,1
898,44,6,low,1
899,12,5,low,1
900,42,5,low,1
901,32,8,low,1
902,38,8,low,1
903,12,8,low,1
904,36,8,low,1
905,44,8,low,1
906,42,12,low,1
907,47,14,low,1
908,42,16,low,1
909,29,1,low,1
910,42,1,low,1
911,37,13,low,1
912,24,13,low,1
913,45,13,low,1
914,16,20,low,1
915,6,20,low,1
916,24,20,low,1
917,10,20,low,1
918,44,20,low,1
919,46,20,low,1
920,11,20,low,1
921,10,26,low,1
922,13,26,low,1
923,7,20,low,1
924,4,20,low,1
925,36,20,low,1
926,6,32,low,1
927,42,32,low,1
928,24,26,low,1
929,5,34,low,1
930,37,34,low,1
931,13,8,low,1
932,36,8,low,1
933,47,8,low,1
934,35,40,low,1
935,12,2,low,1
936,11,2,low,1
937,10,6,low,1
938,40,8,low,1
939,43,12,low,1
940,46,12,low,1
941,28,2,low,1
942,41,2,low,1
943,46,2,low,1
944,30,13,low,1
945,37,20,low,1
946,4,20,low,1
947,35,20,low,1
948,12,20,low,1
949,12,20,low,1
950,35,20,low,1
951,35,20,low,1
952,1,20,low,1
953,30,20,low,1
954,35,20,low,1
955,6,26,low,1
956,11,26,low,1
957,35,26,low,1
958,33,20,low,1
959,34,20,low,1
960,8,20,low,1
961,1,32,low,1
962,4,32,low,1
963,22,26,low,1
964,31,34,low,1
965,10,34,low,1
966,44,34,low,1
967,43,36,low,1
968,21,8,low,1
969,30,8,low,1
970,1,36,low,1
971,10,36,low,1
972,11,36,low,1
973,35,2,low,1
974,42,2,low,1
975,37,8,low,1
976,40,9,low,1
977,11,12,low,1
978,40,12,low,1
979,13,2,low,1
980,31,2,low,1
981,13,1,low,1
982,40,1,low,1
983,4,13,low,1
984,40,13,low,1
985,3,13,low,1
986,39,13,low,1
987,41,13,low,1
988,40,4,low,1
989,10,20,low,1
990,42,20,low,1
991,47,20,low,1
992,2,20,low,1
993,6,20,low,1
994,40,20,low,1
995,12,20,low,1
996,35,20,low,1
997,3,20,low,1
998,24,20,low,1
999,27,26,low,1
1000,38,34,low,1
1001,12,34,low,1
1002,16,36,low,1
1003,45,8,low,1
1004,40,40,low,1
1005,43,8,low,1
1006,5,8,low,1
1007,12,8,low,1
1008,10,12,low,1
1009,36,1,low,1
1010,47,1,low,1
1011,42,13,low,1
1012,47,13,low,1
1013,11,4,low,1
1014,42,4,low,1
1015,4,20,low,1
1016,36,20,low,1
1017,6,20,low,1
1018,37,20,low,1
1019,4,20,low,1
1020,12,26,low,1
1021,35,32,low,1
1022,2,26,low,1
1023,8,8,low,1
1024,12,40,low,1
1025,35,36,low,1
1026,9,1,low,1
1027,37,1,low,1
1028,1,5,low,1
1029,30,8,low,1
1030,47,8,low,1
1031,36,14,low,1
1032,8,2,low,1
1033,36,2,low,1
1034,10,4,low,1
1035,47,4,low,1
1036,30,20,low,1
1037,41,20,low,1
1038,5,20,low,1
1039,10,20,low,1
1040,1,20,low,1
1041,11,20,low,1
1042,11,20,low,1
1043,46,20,low,1
1044,42,20,low,1
1045,25,20,low,1
1046,13,20,low,1
1047,44,34,low,1
1048,5,36,low,1
1049,32,36,low,1
1050,28,8,low,1
1051,28,8,low,1
1052,34,8,low,1
1053,36,40,low,1
1054,12,36,low,1
1055,35,36,low,1
1056,40,6,normal,2
1057,21,8,normal,2
1058,41,8,normal,2
1059,6,8,normal,2
1060,43,8,normal,2
1061,35,9,normal,2
1062,46,9,normal,2
1063,1,12,normal,2
1064,47,12,normal,2
1065,13,14,normal,2
1066,40,14,normal,2
1067,23,2,normal,2
1068,46,16,normal,2
1069,1,13,normal,2
1070,17,20,normal,2
1071,13,20,normal,2
1072,4,26,normal,2
1073,28,20,normal,2
1074,9,34,normal,2
1075,37,36,normal,2
1076,33,8,normal,2
1077,13,40,normal,2
1078,40,2,normal,2
1079,1,8,normal,2
1080,13,8,normal,2
1081,40,8,normal,2
1082,46,8,normal,2
1083,11,9,normal,2
1084,36,12,normal,2
1085,47,2,normal,2
1086,10,16,normal,2
1087,13,16,normal,2
1088,47,16,normal,2
1089,22,1,normal,2
1090,34,13,normal,2
1091,35,4,normal,2
1092,35,20,normal,2
1093,36,20,normal,2
1094,1,26,normal,2
1095,41,20,normal,2
1096,47,32,normal,2
1097,39,26,normal,2
1098,1,34,normal,2
1099,11,40,normal,2
1100,42,36,normal,2
1101,42,36,normal,2
1102,1,2,normal,2
1103,46,8,normal,2
1104,1,8,normal,2
1105,13,12,normal,2
1106,46,14,normal,2
1107,31,16,normal,2
1108,26,1,normal,2
1109,22,13,normal,2
1110,46,4,normal,2
1111,46,26,normal,2
1112,21,20,normal,2
1113,30,20,normal,2
1114,13,32,normal,2
1115,24,8,normal,2
1116,1,36,normal,2
1117,42,2,normal,2
1118,4,6,normal,2
1119,40,5,normal,2
1120,4,14,normal,2
1121,4,16,normal,2
1122,36,16,normal,2
1123,32,20,normal,2
1124,40,20,normal,2
1125,1,20,normal,2
1126,40,20,normal,2
1127,39,20,normal,2
1128,45,20,normal,2
1129,40,32,normal,2
1130,14,26,normal,2
1131,33,26,normal,2
1132,17,34,normal,2
1133,32,34,normal,2
1134,37,34,normal,2
1135,23,8,normal,2
1136,11,8,normal,2
1137,8,8,normal,2
1138,42,9,normal,2
1139,8,14,normal,2
1140,30,2,normal,2
1141,46,13,normal,2
1142,2,13,normal,2
1143,42,20,normal,2
1144,4,20,normal,2
1145,36,26,normal,2
1146,22,20,normal,2
1147,7,20,normal,2
1148,12,36,normal,2
1149,36,2,normal,2
1150,11,5,normal,2
1151,30,5,normal,2
1152,6,8,normal,2
1153,42,8,normal,2
1154,23,8,normal,2
1155,28,8,normal,2
1156,35,8,normal,2
1157,4,9,normal,2
1158,8,16,normal,2
1159,1,4,normal,2
1160,36,20,normal,2
1161,4,20,normal,2
1162,13,20,normal,2
1163,40,20,normal,2
1164,43,34,normal,2
1165,40,34,normal,2
1166,23,8,normal,2
1167,4,40,normal,2
1168,40,2,normal,2
1169,30,6,normal,2
1170,36,6,normal,2
1171,12,8,normal,2
1172,23,8,normal,2
1173,28,16,normal,2
1174,30,16,normal,2
1175,26,13,normal,2
1176,9,20,normal,2
1177,20,20,normal,2
1178,4,20,normal,2
1179,43,20,normal,2
1180,8,20,normal,2
1181,13,20,normal,2
1182,29,26,normal,2
1183,4,34,normal,2
1184,42,36,normal,2
1185,1,40,normal,2
1186,28,40,normal,2
1187,4,36,normal,2
1188,40,36,normal,2
1189,47,36,normal,2
1190,47,6,normal,2
1191,4,8,normal,2
1192,36,8,normal,2
1193,38,4,normal,2
1194,4,20,normal,2
1195,40,20,normal,2
1196,21,20,normal,2
1197,17,34,normal,2
1198,42,34,normal,2
1199,41,8,normal,2
1200,45,8,normal,2
1201,13,2,normal,2
1202,5,9,normal,2
1203,8,1,normal,2
1204,35,20,normal,2
1205,27,20,normal,2
1206,11,34,normal,2
1207,43,5,normal,2
1208,28,8,normal,2
1209,34,8,normal,2
1210,4,8,normal,2
1211,47,8,normal,2
1212,1,9,normal,2
1213,47,9,normal,2
1214,25,13,normal,2
1215,21,20,normal,2
1216,43,20,normal,2
1217,30,26,normal,2
1218,25,26,normal,2
1219,35,34,normal,2
1220,14,8,normal,2
1221,13,5,normal,2
1222,7,8,normal,2
1223,34,14,normal,2
1224,4,4,normal,2
1225,1,20,normal,2
1226,23,20,normal,2
1227,8,20,normal,2
1228,46,20,normal,2
1229,13,20,normal,2
1230,30,20,normal,2
1231,28,26,normal,2
1232,28,20,normal,2
1233,46,32,normal,2
1234,3,26,normal,2
1235,11,34,normal,2
1236,12,34,normal,2
1237,33,8,normal,2
1238,35,1,normal,2
1239,46,2,normal,2
1240,36,5,normal,2
1241,7,8,normal,2
1242,13,8,normal,2
1243,46,20,normal,2
1244,47,20,normal,2
1245,47,20,normal,2
1246,47,26,normal,2
1247,34,8,normal,2
1248,27,8,normal,2
1249,30,40,normal,2
1250,46,36,normal,2
1251,4,2,normal,2
1252,35,2,normal,2
1253,4,5,normal,2
1254,24,8,normal,2
1255,30,14,normal,2
1256,28,1,normal,2
1257,33,13,normal,2
1258,4,20,normal,2
1259,41,20,normal,2
1260,47,20,normal,2
1261,23,20,normal,2
1262,34,20,normal,2
1263,27,8,normal,2
1264,39,8,normal,2
1265,28,36,normal,2
1266,47,2,normal,2
1267,28,14,normal,2
1268,30,1,normal,2
1269,28,4,normal,2
1270,13,20,normal,2
1271,28,20,normal,2
1272,11,36,normal,2
1273,1,6,normal,2
1274,35,8,normal,2
1275,13,9,normal,2
1276,28,12,normal,2
1277,39,2,normal,2
1278,28,20,normal,2
1279,2,20,normal,2
1280,4,36,normal,2
1281,40,36,normal,2
1282,45,8,normal,2
1283,27,2,normal,2
1284,30,20,normal,2
1285,36,20,normal,2
1286,36,20,normal,2
1287,46,20,normal,2
1288,21,26,normal,2
1289,7,8,normal,2
1290,36,36,normal,2
1291,46,2,normal,2
1292,24,2,normal,2
1293,4,1,normal,2
1294,13,13,normal,2
1295,5,20,normal,2
1296,44,20,normal,2
1297,30,4,normal,2
1298,47,20,normal,2
1299,23,20,normal,2
1300,13,20,normal,2
1301,36,20,normal,2
1302,46,34,normal,2
1303,42,1,normal,2
1304,1,2,normal,2
1305,46,6,normal,2
1306,40,8,normal,2
1307,29,13,normal,2
1308,28,20,normal,2
1309,41,26,normal,2
1310,9,36,normal,2
1311,21,40,normal,2
1312,34,8,normal,2
1313,8,12,normal,2
1314,8,20,normal,2
1315,41,1,normal,2
1316,28,13,normal,2
1317,28,20,normal,2
1318,28,32,normal,2
1319,28,2,normal,2
1320,30,12,normal,2
1321,45,20,normal,2
1322,23,32,normal,2
1323,30,32,normal,2
1324,42,34,normal,2
1325,40,36,normal,2
1326,7,8,normal,2
1327,28,5,normal,2
1328,46,5,normal,2
1329,28,8,normal,2
1330,21,2,normal,2
1331,46,20,normal,2
1332,6,20,normal,2
1333,30,20,normal,2
1334,13,34,normal,2
1335,36,2,normal,2
1336,36,9,normal,2
1337,23,14,normal,2
1338,39,16,normal,2
1339,21,1,normal,2
1340,35,13,normal,2
1341,41,13,normal,2
1342,47,20,normal,2
1343,36,34,normal,2
1344,47,34,normal,2
1345,13,36,normal,2
1346,30,2,normal,2
1347,27,8,normal,2
1348,39,8,normal,2
1349,34,20,normal,2
1350,41,20,normal,2
1351,28,20,normal,2
1352,41,20,normal,2
1353,24,20,normal,2
1354,10,34,normal,2
1355,31,34,normal,2
1356,4,1,normal,2
1357,13,2,normal,2
1358,45,2,normal,2
1359,8,13,normal,2
1360,30,13,normal,2
1361,24,20,normal,2
1362,28,20,normal,2
1363,46,20,normal,2
1364,29,20,normal,2
1365,26,26,normal,2
1366,8,40,normal,2
1367,14,8,normal,2
1368,30,8,normal,2
1369,23,16,normal,2
1370,27,8,normal,2
1371,27,20,normal,2
1372,21,20,normal,2
1373,28,20,normal,2
1374,21,20,normal,2
1375,23,26,normal,2
1376,14,20,normal,2
1377,25,8,normal,2
1378,6,36,normal,2
1379,47,36,normal,2
1380,21,8,normal,2
1381,23,1,normal,2
1382,47,20,normal,2
1383,30,36,normal,2
1384,10,1,normal,2
1385,13,6,normal,2
1386,19,13,normal,2
1387,36,4,normal,2
1388,23,20,normal,2
1389,23,20,normal,2
1390,30,34,normal,2
1391,39,8,normal,2
1392,46,40,normal,2
1393,28,2,normal,2
1394,23,8,normal,2
1395,6,12,normal,2
1396,21,16,normal,2
1397,6,34,normal,2
1398,4,36,normal,2
1399,41,40,normal,2
1400,13,36,normal,2
1401,47,5,normal,2
1402,34,8,normal,2
1403,21,14,normal,2
1404,33,2,normal,2
1405,12,20,normal,2
1406,7,20,normal,2
1407,27,32,normal,2
1408,10,36,normal,2
1409,23,6,normal,2
1410,22,8,normal,2
1411,21,8,normal,2
1412,4,12,normal,2
1413,13,4,normal,2
1414,23,4,normal,2
1415,8,32,normal,2
1416,36,32,normal,2
1417,28,9,normal,2
1418,24,16,normal,2
1419,41,16,normal,2
1420,30,20,normal,2
1421,21,20,normal,2
1422,26,20,normal,2
1423,33,20,normal,2
1424,40,34,normal,2
1425,28,6,normal,2
1426,17,8,normal,2
1427,30,9,normal,2
1428,10,20,normal,2
1429,29,8,normal,2
1430,46,36,normal,2
1431,12,1,normal,2
1432,23,12,normal,2
1433,41,12,normal,2
1434,45,20,normal,2
1435,30,20,normal,2
1436,8,26,normal,2
1437,7,14,normal,2
1438,23,13,normal,2
1439,36,13,normal,2
1440,30,20,normal,2
1441,2,8,normal,2
1442,33,6,normal,2
1443,4,20,normal,2
1444,19,26,normal,2
1445,14,8,normal,2
1446,25,8,normal,2
1447,41,14,normal,2
1448,11,20,normal,2
1449,23,20,normal,2
1450,21,20,normal,2
1451,6,34,normal,2
1452,22,8,normal,2
1453,43,1,normal,2
1454,25,2,normal,2
1455,33,16,normal,2
1456,42,20,normal,2
1457,8,4,normal,2
1458,6,1,normal,2
1459,33,8,normal,2
1460,7,8,normal,2
1461,8,9,normal,2
1462,34,12,normal,2
1463,41,4,normal,2
1464,1,34,normal,2
1465,21,5,normal,2
1466,34,16,normal,2
1467,36,20,normal,2
1468,47,40,normal,2
1469,41,8,normal,2
1470,13,20,normal,2
1471,41,32,normal,2
1472,24,8,normal,2
1473,8,8,normal,2
1474,24,13,normal,2
1475,45,14,normal,2
1476,21,13,normal,2
1477,47,2,normal,2
1478,23,9,normal,2
1479,8,20,normal,2
1480,23,20,normal,2
1481,3,8,normal,2
1482,41,8,normal,2
1483,27,14,normal,2
1484,34,2,normal,2
1485,45,16,normal,2
1486,35,36,normal,2
1487,28,36,normal,2
1488,30,36,normal,2
1489,7,12,normal,2
1490,33,14,normal,2
1491,27,13,normal,2
1492,39,20,normal,2
1493,21,32,normal,2
1494,21,2,normal,2
1495,21,20,normal,2
1496,7,20,normal,2
1497,14,8,normal,2
1498,41,9,normal,2
1499,27,16,normal,2
1500,39,20,normal,2
1501,7,20,normal,2
1502,8,20,normal,2
1503,23,20,normal,2
1504,34,20,normal,2
1505,45,20,normal,2
1506,24,26,normal,2
1507,21,36,normal,2
1508,36,36,normal,2
1509,13,1,normal,2
1510,8,2,normal,2
1511,21,9,normal,2
1512,40,20,normal,2
1513,7,20,normal,2
1514,23,40,normal,2
1515,1,8,normal,2
1516,7,2,normal,2
1517,45,20,normal,2
1518,45,20,normal,2
1519,2,20,normal,2
1520,8,34,normal,2
1521,41,6,normal,2
1522,7,1,normal,2
1523,39,40,normal,2
1524,40,1,normal,2
1525,8,6,normal,2
1526,33,8,normal,2
1527,39,8,normal,2
1528,39,8,normal,2
1529,23,2,normal,2
1530,34,1,normal,2
1531,24,20,normal,2
1532,34,26,normal,2
1533,29,8,normal,2
1534,8,5,normal,2
1535,35,20,normal,2
1536,22,20,normal,2
1537,22,8,normal,2
1538,2,8,normal,2
1539,27,8,normal,2
1540,39,14,normal,2
1541,14,2,normal,2
1542,27,1,normal,2
1543,34,4,normal,2
1544,27,20,normal,2
1545,28,34,normal,2
1546,3,8,normal,2
1547,10,8,normal,2
1548,27,12,normal,2
1549,24,20,normal,2
1550,24,32,normal,2
1551,1,36,normal,2
1552,23,2,normal,2
1553,33,8,normal,2
1554,1,20,normal,2
1555,6,20,normal,2
1556,23,20,normal,2
1557,7,26,normal,2
1558,30,2,normal,2
1559,39,20,normal,2
1560,45,8,normal,2
1561,33,12,normal,2
1562,34,20,normal,2
1563,14,20,normal,2
1564,26,8,normal,2
1565,34,20,normal,2
1566,6,36,normal,2
1567,14,40,normal,2
1568,25,8,normal,2
1569,33,20,normal,2
1570,33,20,normal,2
1571,3,8,normal,2
1572,45,12,normal,2
1573,8,20,normal,2
1574,41,2,normal,2
1575,46,8,normal,2
1576,21,12,normal,2
1577,7,16,normal,2
1578,39,1,normal,2
1579,41,20,normal,2
1580,41,20,normal,2
1581,14,20,normal,2
1582,23,36,normal,2
1583,39,13,normal,2
1584,23,5,normal,2
1585,28,8,normal,2
1586,7,32,normal,2
1587,11,1,normal,2
1588,24,20,normal,2
1589,41,36,normal,2
1590,33,1,normal,2
1591,2,20,normal,2
1592,8,36,normal,2
1593,28,20,normal,2
1594,39,20,normal,2
1595,45,13,normal,2
1596,36,20,normal,2
1597,39,20,normal,2
1598,7,40,normal,2
1599,27,20,normal,2
1600,41,34,normal,2
1601,39,9,normal,2
1602,22,2,normal,2
1603,45,1,normal,2
1604,7,4,normal,2
1605,13,34,normal,2
1606,2,8,normal,2
1607,29,8,normal,2
1608,41,36,normal,2
1609,1,1,normal,2
1610,33,20,normal,2
1611,39,32,normal,2
1612,3,2,normal,2
1613,33,4,normal,2
1614,36,1,normal,2
1615,24,12,normal,2
1616,33,20,normal,2
1617,27,20,normal,2
1618,39,26,normal,2
1619,29,20,normal,2
1620,34,32,normal,2
1621,27,26,normal,2
1622,25,20,normal,2
1623,34,34,normal,2
1624,45,40,normal,2
1625,7,6,normal,2
1626,33,5,normal,2
1627,4,8,normal,2
1628,2,2,normal,2
1629,39,20,normal,2
1630,33,32,normal,2
1631,28,1,normal,2
1632,39,2,normal,2
1633,30,8,normal,2
1634,33,13,normal,2
1635,6,4,normal,2
1636,26,8,normal,2
1637,39,36,normal,2
1638,25,8,normal,2
1639,3,16,normal,2
1640,34,13,normal,2
1641,7,36,normal,2
1642,7,2,normal,2
1643,8,20,normal,2
1644,27,20,normal,2
1645,45,20,normal,2
1646,14,26,normal,2
1647,3,20,normal,2
1648,25,4,high,3
1649,34,40,high,3
1650,24,2,high,3
1651,3,8,high,3
1652,45,20,high,3
1653,24,20,high,3
1654,27,36,high,3
1655,7,20,high,3
1656,26,20,high,3
1657,14,1,high,3
1658,14,20,high,3
1659,33,20,high,3
1660,26,8,high,3
1661,39,12,high,3
1662,41,2,high,3
1663,25,6,high,3
1664,47,8,high,3
1665,41,20,high,3
1666,13,36,high,3
1667,24,40,high,3
1668,21,36,high,3
1669,30,8,high,3
1670,34,36,high,3
1671,22,8,high,3
1672,7,9,high,3
1673,19,1,high,3
1674,7,20,high,3
1675,31,36,high,3
1676,8,36,high,3
1677,39,5,high,3
1678,21,4,high,3
1679,21,20,high,3
1680,23,36,high,3
1681,24,2,high,3
1682,27,6,high,3
1683,2,8,high,3
1684,7,20,high,3
1685,41,20,high,3
1686,34,9,high,3
1687,27,4,high,3
1688,33,26,high,3
1689,23,8,high,3
1690,33,40,high,3
1691,22,1,high,3
1692,2,1,high,3
1693,19,8,high,3
1694,29,20,high,3
1695,21,34,high,3
1696,33,9,high,3
1697,39,20,high,3
1698,36,34,high,3
1699,45,5,high,3
1700,27,9,high,3
1701,45,26,high,3
1702,41,5,high,3
1703,45,32,high,3
1704,39,36,high,3
1705,45,4,high,3
1706,27,20,high,3
1707,46,34,high,3
1708,14,8,high,3
1709,21,2,high,3
1710,26,2,high,3
1711,22,20,high,3
1712,45,34,high,3
1713,30,1,high,3
1714,7,20,high,3
1715,2,20,high,3
1716,13,8,high,3
1717,25,12,high,3
1718,39,4,high,3
1719,27,20,high,3
1720,3,20,high,3
1721,33,20,high,3
1722,14,20,high,3
1723,47,34,high,3
1724,45,36,high,3
1725,27,2,high,3
1726,45,2,high,3
1727,34,6,high,3
1728,45,6,high,3
1729,2,14,high,3
1730,3,40,high,3
1731,24,6,high,3
1732,7,5,high,3
1733,24,20,high,3
1734,22,14,high,3
1735,29,2,high,3
1736,33,20,high,3
1737,7,13,high,3
1738,14,2,high,3
1739,34,2,high,3
1740,14,12,high,3
1741,14,20,high,3
1742,25,14,high,3
1743,22,16,high,3
1744,3,20,high,3
1745,27,2,high,3
1746,23,34,high,3
1747,36,8,high,3
1748,14,14,high,3
1749,39,20,high,3
1750,3,12,high,3
1751,25,16,high,3
1752,28,20,high,3
1753,33,20,high,3
1754,45,9,high,3
1755,27,20,high,3
1756,41,1,high,3
1757,23,34,high,3
1758,39,2,high,3
1759,39,6,high,3
1760,34,20,high,3
1761,26,20,high,3
1762,22,12,high,3
1763,24,8,high,3
1764,22,8,high,3
1765,24,9,high,3
1766,21,20,high,3
1767,14,32,high,3
1768,8,2,high,3
1769,47,36,high,3
1770,25,1,high,3
1771,2,32,high,3
1772,33,2,high,3
1773,21,1,high,3
1774,2,12,high,3
1775,24,20,high,3
1776,36,36,high,3
1777,34,20,high,3
1778,14,16,high,3
1779,3,1,high,3
1780,22,20,high,3
1781,24,5,high,3
1782,8,8,high,3
1783,29,14,high,3
1784,36,20,high,3
1785,33,2,high,3
1786,14,5,high,3
1787,24,8,high,3
1788,24,20,high,3
1789,24,36,high,3
1790,33,36,high,3
1791,34,2,high,3
1792,25,13,high,3
1793,13,20,high,3
1794,25,32,high,3
1795,27,5,high,3
1796,8,1,high,3
1797,14,9,high,3
1798,26,16,high,3
1799,2,16,high,3
1800,3,20,high,3
1801,25,20,high,3
1802,14,20,high,3
1803,25,40,high,3
1804,24,4,high,3
1805,23,36,high,3
1806,7,2,high,3
1807,22,4,high,3
1808,28,34,high,3
1809,22,20,high,3
1810,25,20,high,3
1811,26,26,high,3
1812,25,20,high,3
1813,22,20,high,3
1814,39,20,high,3
1815,22,20,high,3
1816,3,8,high,3
1817,7,34,high,3
1818,34,5,high,3
1819,3,14,high,3
1820,27,40,high,3
1821,25,20,high,3
1822,3,5,high,3
1823,31,8,high,3
1824,29,20,high,3
1825,33,34,high,3
1826,29,1,high,3
1827,45,20,high,3
1828,2,26,high,3
1829,34,20,high,3
1830,2,20,high,3
1831,14,6,high,3
1832,47,1,high,3
1833,26,20,high,3
1834,34,20,high,3
1835,25,20,high,3
1836,39,34,high,3
1837,26,1,high,3
1838,3,6,high,3
1839,25,8,high,3
1840,29,16,high,3
1841,6,6,high,3
1842,22,13,high,3
1843,29,20,high,3
1844,2,20,high,3
1845,25,20,high,3
1846,24,14,high,3
1847,29,20,high,3
1848,33,36,high,3
1849,26,20,high,3
1850,4,34,high,3
1851,3,20,high,3
1852,22,32,high,3
1853,22,20,high,3
1854,2,13,high,3
1855,5,2,high,3
1856,14,36,high,3
1857,24,36,high,3
1858,24,8,high,3
1859,3,4,high,3
1860,46,1,high,3
1861,29,8,high,3
1862,45,8,high,3
1863,2,36,high,3
1864,33,8,high,3
1865,2,8,high,3
1866,26,8,high,3
1867,8,8,high,3
1868,2,20,high,3
1869,7,36,high,3
1870,26,40,high,3
1871,19,8,high,3
1872,34,36,high,3
1873,3,2,high,3
1874,27,36,high,3
1875,22,40,high,3
1876,14,2,high,3
1877,22,5,high,3
1878,29,12,high,3
1879,14,13,high,3
1880,26,14,high,3
1881,45,20,high,3
1882,25,26,high,3
1883,30,34,high,3
1884,46,36,high,3
1885,3,20,high,3
1886,27,8,high,3
1887,25,5,high,3
1888,2,4,high,3
1889,23,1,high,3
1890,14,20,high,3
1891,14,20,high,3
1892,22,26,high,3
1893,2,20,high,3
1894,41,8,high,3
1895,30,20,high,3
1896,25,9,high,3
1897,29,26,high,3
1898,14,36,high,3
1899,47,20,high,3
1900,3,26,high,3
1901,22,36,high,3
1902,3,36,high,3
1903,2,40,high,3
1904,22,2,high,3
1905,26,20,high,3
1906,21,34,high,3
1907,27,34,high,3
1908,21,6,high,3
1909,19,20,high,3
1910,25,2,high,3
1911,29,8,high,3
1912,3,20,high,3
1913,22,6,high,3
1914,46,20,high,3
1915,25,20,high,3
1916,19,20,high,3
1917,26,20,high,3
1918,29,40,high,3
1919,22,9,high,3
1920,35,34,high,3
1921,3,32,high,3
1922,45,36,high,3
1923,26,5,high,3
1924,14,20,high,3
1925,26,2,high,3
1926,29,13,high,3
1927,19,40,high,3
1928,23,20,high,3
1929,25,36,high,3
1930,2,6,high,3
1931,2,9,high,3
1932,24,1,high,3
1933,26,12,high,3
1934,25,2,high,3
1935,2,2,high,3
1936,22,36,high,3
1937,19,20,high,3
1938,25,20,high,3
1939,14,4,high,3
1940,41,34,high,3
1941,29,20,high,3
1942,30,36,high,3
1943,29,4,high,3
1944,26,8,high,3
1945,3,20,high,3
1946,3,36,high,3
1947,25,36,high,3
1948,28,36,high,3
1949,14,1,high,3
1950,29,6,high,3
1951,2,5,high,3
1952,26,32,high,3
1953,26,4,high,3
1954,29,32,high,3
1955,3,34,high,3
1956,29,36,high,3
1957,3,9,high,3
1958,31,20,high,3
1959,22,20,high,3
1960,26,9,high,3
1961,7,8,high,3
1962,29,9,high,3
1963,2,20,high,3
1964,26,13,high,3
1965,2,34,high,3
1966,26,36,high,3
1967,19,20,high,3
1968,25,34,high,3
1969,22,20,high,3
1970,3,2,high,3
1971,26,20,high,3
1972,29,20,high,3
1973,27,34,high,3
1974,22,2,high,3
1975,29,2,high,3
1976,39,8,high,3
1977,7,34,high,3
1978,22,34,high,3
1979,45,2,high,3
1980,24,1,high,3
1981,41,36,high,3
1982,39,1,high,3
1983,29,34,high,3
1984,2,20,high,3
1985,3,20,high,3
1986,39,34,high,3
1987,7,1,high,3
1988,21,8,high,3
1989,21,36,high,3
1990,3,13,high,3
1991,26,20,high,3
1992,29,5,high,3
1993,21,20,high,3
1994,14,34,high,3
1995,19,20,high,3
1996,25,8,high,3
1997,26,20,high,3
1998,7,36,high,3
1999,34,1,high,3
2000,5,8,high,3
2001,26,6,high,3
2002,33,36,high,3
2003,2,36,high,3
2004,25,36,high,3
2005,26,36,high,3
2006,14,34,high,3
2007,27,1,high,3
2008,26,2,high,3
2009,19,8,high,3
2010,29,20,high,3
2011,19,5,high,3
2012,14,36,high,3
2013,19,14,high,3
2014,19,1,high,3
2015,39,20,high,3
2016,45,1,high,3
2017,3,36,high,3
2018,24,34,high,3
2019,19,20,high,3
2020,19,4,high,3
2021,19,12,high,3
2022,19,8,high,3
2023,29,20,high,3
2024,24,36,high,3
2025,24,34,high,3
2026,39,36,high,3
2027,29,36,high,3
2028,29,2,high,3
2029,33,34,high,3
2030,2,2,high,3
2031,19,26,high,3
2032,34,34,high,3
2033,33,20,high,3
2034,19,2,high,3
2035,3,1,high,3
2036,19,2,high,3
2037,19,8,high,3
2038,27,20,high,3
2039,14,20,high,3
2040,25,34,high,3
2041,7,20,high,3
2042,27,36,high,3
2043,26,34,high,3
2044,19,20,high,3
2045,24,20,high,3
2046,45,8,high,3
2047,34,8,high,3
2048,19,16,high,3
2049,22,36,high,3
2050,34,36,high,3
2051,34,20,high,3
2052,14,8,high,3
2053,3,20,high,3
2054,3,34,high,3
2055,19,36,high,3
2056,41,20,high,3
2057,26,1,high,3
2058,33,1,high,3
2059,22,1,high,3
2060,22,34,high,3
2061,19,34,high,3
2062,22,8,high,3
2063,19,6,high,3
2064,19,2,high,3
2065,8,20,high,3
2066,25,20,high,3
2067,19,20,high,3
2068,26,8,high,3
2069,19,20,high,3
2070,8,34,high,3
2071,25,1,high,3
2072,19,13,high,3
2073,19,9,high,3
2074,29,1,high,3
2075,3,8,high,3
2076,22,20,high,3
2077,19,36,high,3
2078,2,8,high,3
2079,45,34,high,3
2080,2,1,high,3
2081,19,1,high,3
2082,26,34,high,3
2083,45,20,high,3
2084,2,34,high,3
2085,19,32,high,3
2086,26,20,high,3
2087,29,8,high,3
2088,45,36,high,3
2089,29,34,high,3
2090,26,36,high,3
2091,2,36,high,3
2092,19,20,high,3
2093,2,20,high,3
2094,29,36,high,3
2095,19,34,high,3
2096,8,36,high,3
2097,19,36,high,3
2098,29,20,high,3
2099,19,20,high,3
2100,19,8,high,3
